,gender_F,gender_M,ssc_b_Central,ssc_b_Others,hsc_b_Central,hsc_b_Others,hsc_s_Arts,hsc_s_Commerce,hsc_s_Science,degree_t_Comm&Mgmt,degree_t_Others,degree_t_Sci&Tech,workex_No,workex_Yes,specialisation_Mkt&Fin,specialisation_Mkt&HR,ssc_p,hsc_p,degree_p,etest_p,mba_p
147,0.0,1.0,1.0,0.0,1.0,0.0,0.0,1.0,0.0,1.0,0.0,0.0,1.0,0.0,1.0,0.0,0.26072929586899,0.6941202141987816,-0.16676781914947333,0.7786466602676964,0.0007886930859524025
161,0.0,1.0,0.0,1.0,0.0,1.0,0.0,1.0,0.0,1.0,0.0,0.0,1.0,0.0,0.0,1.0,-1.065759047101481,-1.4054306336457165,-1.1921264136055145,-1.1234709760682473,0.0744779433880736
169,0.0,1.0,0.0,1.0,0.0,1.0,0.0,0.0,1.0,0.0,0.0,1.0,1.0,0.0,0.0,1.0,-0.6641278543687551,-2.212388437773776,-0.6780799715848862,-1.359642460280239,0.536710513465019
131,1.0,0.0,0.0,1.0,0.0,1.0,0.0,0.0,1.0,0.0,1.0,0.0,0.0,1.0,1.0,0.0,0.7121038014631093,-0.857721716816717,-0.5769112569318898,0.553721437208657,-0.2504246602167348
27,0.0,1.0,0.0,1.0,0.0,1.0,0.0,1.0,0.0,1.0,0.0,0.0,1.0,0.0,0.0,1.0,-0.3840914264083224,0.05512647789828216,-0.030053339888667846,-0.345979455027501,-0.7679241680202711
108,0.0,1.0,1.0,0.0,1.0,0.0,0.0,1.0,0.0,1.0,0.0,0.0,1.0,0.0,1.0,0.0,-0.5683259184875545,1.424398769970781,0.38009009789374865,0.8536217346207096,-0.6640893153218262
105,0.0,1.0,1.0,0.0,0.0,1.0,0.0,0.0,1.0,0.0,0.0,1.0,1.0,0.0,0.0,1.0,-0.7525604105667866,-0.2187279805162176,-1.123769173975112,0.9285968089737227,-1.1681907776158862
200,0.0,1.0,0.0,1.0,0.0,1.0,0.0,1.0,0.0,1.0,0.0,0.0,1.0,0.0,1.0,0.0,0.16861204982937397,-0.5838672584022173,-0.16676781914947333,1.119783248573906,-1.585204944098346
122,1.0,0.0,1.0,0.0,1.0,0.0,1.0,0.0,0.0,1.0,0.0,0.0,0.0,1.0,1.0,0.0,-0.06168106526966618,0.03686951400398192,0.4211044416719899,0.5837114669498626,1.461175653618907
202,0.0,1.0,1.0,0.0,1.0,0.0,0.0,0.0,1.0,0.0,0.0,1.0,1.0,0.0,0.0,1.0,0.26072929586899,-0.3100127999877175,-0.030053339888667846,-0.8498119546797493,-0.36263329135860206
36,0.0,1.0,1.0,0.0,1.0,0.0,0.0,1.0,0.0,1.0,0.0,0.0,1.0,0.0,1.0,0.0,-1.489498378883715,-2.044424369946216,-1.2604836532359174,-0.6458797524395536,-1.8129717177594489
81,0.0,1.0,0.0,1.0,0.0,1.0,0.0,0.0,1.0,1.0,0.0,0.0,0.0,1.0,1.0,0.0,1.3385010745324981,-0.3100127999877175,0.10666113937213766,1.003571883326736,1.3271951985241413
110,1.0,0.0,1.0,0.0,1.0,0.0,0.0,0.0,1.0,0.0,0.0,1.0,1.0,0.0,0.0,1.0,0.214670672849182,0.3289809363127819,0.7902335356761652,-1.155710258040043,-1.251928562050115
142,0.0,1.0,1.0,0.0,0.0,1.0,0.0,0.0,1.0,0.0,0.0,1.0,0.0,1.0,1.0,0.0,1.642487986463231,-0.5838672584022173,0.9857352410191179,-0.9457800498516062,-0.1650121200938215
208,1.0,0.0,1.0,0.0,0.0,1.0,0.0,0.0,1.0,1.0,0.0,0.0,1.0,0.0,0.0,1.0,-2.2264363472006434,-0.5838672584022173,-0.16676781914947333,1.5029058785178033,0.10797305716176571
177,1.0,0.0,1.0,0.0,0.0,1.0,0.0,1.0,0.0,1.0,0.0,0.0,0.0,1.0,1.0,0.0,0.5370810339878382,2.7936710620432796,1.7472348905018036,1.2284971063857753,1.4293552955339006
191,0.0,1.0,0.0,1.0,1.0,0.0,0.0,0.0,1.0,1.0,0.0,0.0,1.0,0.0,1.0,0.0,-0.01562244224985815,-0.49258243893071735,0.7902335356761652,-0.046079157615448355,-0.21190527937698997
198,1.0,0.0,1.0,0.0,1.0,0.0,0.0,1.0,0.0,0.0,1.0,0.0,1.0,0.0,0.0,1.0,-0.01562244224985815,0.3289809363127819,-0.16676781914947333,1.1535220320327622,1.621952199732626
189,1.0,0.0,1.0,0.0,0.0,1.0,0.0,1.0,0.0,1.0,0.0,0.0,1.0,0.0,1.0,0.0,-1.213146640764867,1.022745564296181,0.40743299374591013,1.7270813508333134,0.7812248440129668
5,0.0,1.0,0.0,1.0,0.0,1.0,0.0,0.0,1.0,0.0,0.0,1.0,0.0,1.0,1.0,0.0,-1.1210293947252508,-1.5149724170115169,0.14083975918733901,-1.3206554216166722,-1.79119989380655
109,0.0,1.0,1.0,0.0,0.0,1.0,0.0,0.0,1.0,0.0,0.0,1.0,0.0,1.0,0.0,1.0,-1.397381132844099,-0.3100127999877175,-0.16676781914947333,1.003571883326736,-1.035885078209803
37,1.0,0.0,1.0,0.0,1.0,0.0,0.0,0.0,1.0,0.0,0.0,1.0,1.0,0.0,0.0,1.0,1.0897845102255346,0.8766898531417815,-0.08473913159299082,-1.0957301985576327,-1.139719930908248
146,0.0,1.0,1.0,0.0,0.0,1.0,0.0,0.0,1.0,1.0,0.0,0.0,1.0,0.0,0.0,1.0,-0.47620867244793846,-0.3100127999877175,-0.030053339888667846,0.9285968089737227,-1.1949868686348388
120,0.0,1.0,0.0,1.0,0.0,1.0,0.0,0.0,1.0,1.0,0.0,0.0,1.0,0.0,0.0,1.0,-0.8446776566064027,-2.4095636478322158,-0.9870546947143064,0.0288959167375648,-0.5803515308875972
187,0.0,1.0,1.0,0.0,1.0,0.0,0.0,0.0,1.0,0.0,0.0,1.0,0.0,1.0,1.0,0.0,1.0437258872057265,-0.08180075130896773,0.10666113937213766,1.6783475525038543,0.43287566076657413
86,0.0,1.0,0.0,1.0,0.0,1.0,0.0,1.0,0.0,1.0,0.0,0.0,1.0,0.0,1.0,0.0,-0.47620867244793846,-0.3100127999877175,-0.30348229841027885,-0.42095452938051414,-0.8784580434734528
38,1.0,0.0,0.0,1.0,0.0,1.0,0.0,0.0,1.0,1.0,0.0,0.0,1.0,0.0,0.0,1.0,0.5370810339878382,-0.7664368973452171,-0.030053339888667846,-1.4181230182755888,-0.906928890181091
17,1.0,0.0,1.0,0.0,1.0,0.0,0.0,1.0,0.0,1.0,0.0,0.0,1.0,0.0,1.0,0.0,-1.1210293947252508,0.05512647789828216,-0.30348229841027885,-0.9457800498516062,0.8381665374282431
151,0.0,1.0,1.0,0.0,1.0,0.0,0.0,1.0,0.0,1.0,0.0,0.0,1.0,0.0,1.0,0.0,-0.19985693432909027,-0.12744316104471767,1.2003769734585816,0.7786466602676964,-0.5703029967554905
171,0.0,1.0,0.0,1.0,0.0,1.0,0.0,1.0,0.0,1.0,0.0,0.0,0.0,1.0,1.0,0.0,1.1819017562651506,1.2418291310277811,0.7902335356761652,-0.6616245180536865,0.6304968320313559
88,1.0,0.0,1.0,0.0,1.0,0.0,0.0,1.0,0.0,1.0,0.0,0.0,1.0,0.0,0.0,1.0,-0.10773968828947421,-0.40129761945921744,0.9269480149369707,-1.0957301985576327,0.34913787633234505
93,0.0,1.0,1.0,0.0,1.0,0.0,0.0,1.0,0.0,1.0,0.0,0.0,1.0,0.0,0.0,1.0,-1.397381132844099,-0.40129761945921744,-1.6706270910183338,-0.046079157615448355,-1.1497684650403557
199,0.0,1.0,0.0,1.0,0.0,1.0,0.0,1.0,0.0,1.0,0.0,0.0,1.0,0.0,0.0,1.0,0.16861204982937397,-0.12744316104471767,-1.2604836532359174,0.0288959167375648,-1.084452993181657
192,0.0,1.0,1.0,0.0,1.0,0.0,0.0,1.0,0.0,1.0,0.0,0.0,0.0,1.0,1.0,0.0,-0.1814334851211668,-0.45606851114211755,-0.19411071500163485,1.5583874335390338,-0.8265406171242304
118,0.0,1.0,1.0,0.0,1.0,0.0,0.0,0.0,1.0,0.0,0.0,1.0,0.0,1.0,0.0,1.0,0.8134327721066864,1.2418291310277811,1.610520411240998,1.8282977012098807,1.3740883578073095
9,0.0,1.0,1.0,0.0,1.0,0.0,0.0,1.0,0.0,1.0,0.0,0.0,1.0,0.0,1.0,0.0,-0.8446776566064027,0.3289809363127819,-0.7136257361926953,-1.3956304959696852,-1.6856902854194211
61,0.0,1.0,1.0,0.0,1.0,0.0,0.0,1.0,0.0,1.0,0.0,0.0,1.0,0.0,1.0,0.0,1.5687941896315383,0.6393493225158822,0.09162254665344913,-0.8258199308867851,0.034283806859643315
78,0.0,1.0,0.0,1.0,0.0,1.0,0.0,0.0,1.0,0.0,0.0,1.0,1.0,0.0,1.0,0.0,1.550370740423615,2.236833663267131,-0.2351250587798761,1.006570886300857,-0.4781914338778378
95,0.0,1.0,1.0,0.0,0.0,1.0,0.0,1.0,0.0,1.0,0.0,0.0,0.0,1.0,1.0,0.0,0.5370810339878382,1.0592594920847813,-0.16676781914947333,1.7128360867062398,-0.019308375178263337
165,1.0,0.0,1.0,0.0,0.0,1.0,0.0,1.0,0.0,1.0,0.0,0.0,1.0,0.0,1.0,0.0,-0.3564562525964378,1.089383482510376,1.0636624941977761,0.553721437208657,2.0573886787906184
72,0.0,1.0,0.0,1.0,0.0,1.0,0.0,0.0,1.0,1.0,0.0,0.0,1.0,0.0,1.0,0.0,1.6295915720176846,0.05512647789828216,1.610520411240998,1.715835089680361,1.0475109985138158
2,0.0,1.0,1.0,0.0,1.0,0.0,1.0,0.0,0.0,1.0,0.0,0.0,1.0,0.0,1.0,0.0,-0.19985693432909027,0.1464112973697821,-0.30348229841027885,0.1788460654435911,-0.7495018554447407
180,0.0,1.0,1.0,0.0,0.0,1.0,0.0,1.0,0.0,1.0,0.0,0.0,0.0,1.0,1.0,0.0,-0.19985693432909027,0.46590816552003184,-0.4675396735232458,-1.1707052729106457,-0.9504725380868898
39,0.0,1.0,0.0,1.0,0.0,1.0,0.0,0.0,1.0,0.0,0.0,1.0,1.0,0.0,1.0,0.0,1.2740190023047666,0.1464112973697821,-0.30348229841027885,1.528397403797828,0.04768185236912087
209,0.0,1.0,1.0,0.0,1.0,0.0,0.0,1.0,0.0,1.0,0.0,0.0,1.0,0.0,1.0,0.0,-0.47620867244793846,0.5115505752557817,-0.16676781914947333,-0.42095452938051414,-0.9688948506624201
139,0.0,1.0,1.0,0.0,1.0,0.0,0.0,1.0,0.0,1.0,0.0,0.0,0.0,1.0,1.0,0.0,0.9055500181463024,0.3289809363127819,-0.9870546947143064,-1.0957301985576327,-1.3138945225314442
97,1.0,0.0,1.0,0.0,0.0,1.0,0.0,1.0,0.0,1.0,0.0,0.0,1.0,0.0,1.0,0.0,0.3067879188887981,-0.3556552097234675,-0.7136257361926953,1.5966247214590696,1.1312487829480449
135,1.0,0.0,1.0,0.0,0.0,1.0,0.0,0.0,1.0,1.0,0.0,0.0,1.0,0.0,0.0,1.0,0.44496378794822217,-0.949006536288217,0.38009009789374865,-1.275670377004864,0.5618318487952862
174,0.0,1.0,0.0,1.0,0.0,1.0,0.0,0.0,1.0,0.0,0.0,1.0,0.0,1.0,1.0,0.0,0.5591891730373456,-1.4209490529558717,-0.26656938900986193,-0.6458797524395536,0.6623171901163626
154,0.0,1.0,1.0,0.0,0.0,1.0,0.0,0.0,1.0,1.0,0.0,0.0,0.0,1.0,1.0,0.0,-1.305263886804483,-0.3100127999877175,-0.8503402154535008,-0.19602930632147467,-1.5198894722396472
79,1.0,0.0,1.0,0.0,1.0,0.0,0.0,0.0,1.0,0.0,0.0,1.0,1.0,0.0,0.0,1.0,0.16861204982937397,-0.40129761945921744,-0.030053339888667846,0.1788460654435911,0.9570741913248474
129,0.0,1.0,1.0,0.0,0.0,1.0,0.0,1.0,0.0,1.0,0.0,0.0,0.0,1.0,1.0,0.0,0.8779148443344179,2.1272918799013305,-0.030053339888667846,1.3034721807387886,1.0508605098911843
106,0.0,1.0,0.0,1.0,0.0,1.0,0.0,0.0,1.0,0.0,0.0,1.0,1.0,0.0,1.0,0.0,-0.5609565388043853,-1.4967154531172164,-1.6706270910183338,-0.12105423196846152,0.5718803829273941
163,0.0,1.0,0.0,1.0,0.0,1.0,0.0,0.0,1.0,0.0,0.0,1.0,1.0,0.0,1.0,0.0,-0.3840914264083224,0.05512647789828216,-0.30348229841027885,0.1788460654435911,0.7008365709561062
94,0.0,1.0,1.0,0.0,1.0,0.0,0.0,1.0,0.0,1.0,0.0,0.0,1.0,0.0,1.0,0.0,-0.8446776566064027,-0.40129761945921744,-0.30348229841027885,-1.4046275048920467,-1.223457715342477
4,0.0,1.0,1.0,0.0,1.0,0.0,0.0,1.0,0.0,1.0,0.0,0.0,1.0,0.0,1.0,0.0,1.7161817832949235,0.6576062864101812,0.967962358715212,1.8133026863392778,-1.134695663842194
40,1.0,0.0,1.0,0.0,0.0,1.0,0.0,1.0,0.0,1.0,0.0,0.0,1.0,0.0,1.0,0.0,0.9976672641859184,0.9679746726132814,1.883949369762609,-0.9457800498516062,0.7443802188619062
7,0.0,1.0,1.0,0.0,1.0,0.0,0.0,0.0,1.0,0.0,0.0,1.0,0.0,1.0,1.0,0.0,1.3661362483443826,-0.2187279805162176,-0.030053339888667846,-0.42095452938051414,-0.02265788655563183
159,0.0,1.0,1.0,0.0,0.0,1.0,0.0,1.0,0.0,1.0,0.0,0.0,1.0,0.0,0.0,1.0,-1.397381132844099,-1.5880002725887163,-1.123769173975112,-0.7958299011455799,-0.2822450183017415
25,1.0,0.0,0.0,1.0,1.0,0.0,0.0,1.0,0.0,1.0,0.0,0.0,0.0,1.0,1.0,0.0,-1.3439531301411218,-1.0768052835483168,-2.1901421122093945,0.25382113979660426,0.5115891781347492
123,0.0,1.0,0.0,1.0,0.0,1.0,0.0,1.0,0.0,1.0,0.0,0.0,0.0,1.0,0.0,1.0,0.6291982800274543,-0.6751520778737172,0.9269480149369707,-0.9457800498516062,-0.9337249812000438
126,1.0,0.0,0.0,1.0,0.0,1.0,0.0,0.0,1.0,0.0,0.0,1.0,0.0,1.0,1.0,0.0,1.0897845102255346,-0.49258243893071735,1.2687342130889845,-0.19602930632147467,0.9922440607872249
33,1.0,0.0,0.0,1.0,0.0,1.0,0.0,0.0,1.0,1.0,0.0,0.0,0.0,1.0,1.0,0.0,1.826722478542463,-0.12744316104471767,2.0206638490234146,1.1535220320327622,1.7592821662047629
153,0.0,1.0,0.0,1.0,0.0,1.0,0.0,0.0,1.0,0.0,0.0,1.0,0.0,1.0,1.0,0.0,-1.6737328709629473,-0.6751520778737172,-0.16676781914947333,1.003571883326736,0.034283806859643315
53,0.0,1.0,0.0,1.0,0.0,1.0,0.0,0.0,1.0,0.0,0.0,1.0,1.0,0.0,0.0,1.0,1.1819017562651506,0.3289809363127819,0.7902335356761652,1.078546957679749,1.4678746763736465
184,1.0,0.0,0.0,1.0,0.0,1.0,0.0,1.0,0.0,1.0,0.0,0.0,1.0,0.0,0.0,1.0,-1.0031193197945423,-0.32553121929787265,-0.8790502560982701,-0.9457800498516062,-0.834914395567654
30,1.0,0.0,1.0,0.0,1.0,0.0,0.0,1.0,0.0,1.0,0.0,0.0,1.0,0.0,0.0,1.0,-0.2919741803687063,0.6484778044630316,0.9269480149369707,-1.5455806446757114,-0.9337249812000438
155,0.0,1.0,0.0,1.0,0.0,1.0,0.0,1.0,0.0,1.0,0.0,0.0,0.0,1.0,0.0,1.0,-1.436991548641134,0.7543681950499712,-0.8640116633795816,-1.234434086110707,0.6221230535879311
164,1.0,0.0,1.0,0.0,1.0,0.0,0.0,1.0,0.0,1.0,0.0,0.0,1.0,0.0,1.0,0.0,-0.0008836828835198954,0.5571929849915317,-0.39234670992980225,-1.4676065673485779,0.543409536219756
144,0.0,1.0,0.0,1.0,0.0,1.0,1.0,0.0,0.0,1.0,0.0,0.0,1.0,0.0,1.0,0.0,-1.397381132844099,-1.4967154531172164,-0.7136257361926953,-0.9457800498516062,-0.6289194458594499
130,0.0,1.0,1.0,0.0,0.0,1.0,0.0,1.0,0.0,1.0,0.0,0.0,1.0,0.0,1.0,0.0,-0.47620867244793846,-0.12744316104471767,-0.8503402154535008,0.8536217346207096,0.3139680068699699
203,0.0,1.0,0.0,1.0,0.0,1.0,0.0,1.0,0.0,1.0,0.0,0.0,1.0,0.0,0.0,1.0,-1.058389667418312,-0.4624584485051226,-1.2782565355398223,-0.4959296037335273,-0.6657640710105117
201,0.0,1.0,1.0,0.0,0.0,1.0,0.0,0.0,1.0,1.0,0.0,0.0,1.0,0.0,0.0,1.0,-1.1947231915569434,-0.3100127999877175,-1.123769173975112,0.47874636285564376,-0.6423174913689275
28,0.0,1.0,0.0,1.0,0.0,1.0,0.0,1.0,0.0,1.0,0.0,0.0,0.0,1.0,1.0,0.0,0.8834418790967951,0.9223322628775315,0.17501837900254041,0.05513719276111898,0.3139680068699699
182,0.0,1.0,0.0,1.0,0.0,1.0,1.0,0.0,0.0,0.0,1.0,0.0,0.0,1.0,1.0,0.0,-1.397381132844099,-0.12744316104471767,-1.2604836532359174,0.1788460654435911,-0.412875962019139
67,0.0,1.0,0.0,1.0,0.0,1.0,0.0,1.0,0.0,1.0,0.0,0.0,1.0,0.0,1.0,0.0,1.2666496226215975,1.1049019018205313,0.10666113937213766,-0.2927471522368621,-0.21525479075435847
98,1.0,0.0,1.0,0.0,1.0,0.0,0.0,1.0,0.0,1.0,0.0,0.0,1.0,0.0,1.0,0.0,0.16861204982937397,0.6028353947272816,-0.16676781914947333,-0.19602930632147467,-0.8315648841902844
29,0.0,1.0,1.0,0.0,1.0,0.0,0.0,1.0,0.0,1.0,0.0,0.0,1.0,0.0,1.0,0.0,-0.47620867244793846,0.05512647789828216,-1.123769173975112,0.32879621414961746,-1.8397678087784028
149,0.0,1.0,1.0,0.0,1.0,0.0,1.0,0.0,0.0,1.0,0.0,0.0,0.0,1.0,0.0,1.0,-2.1343191011610276,-0.7664368973452171,-1.5339126117575284,-0.6271359838513003,-0.6255699344820814
210,0.0,1.0,0.0,1.0,0.0,1.0,0.0,1.0,0.0,1.0,0.0,0.0,1.0,0.0,1.0,0.0,1.2371721038889196,1.424398769970781,1.5558346195366752,1.3784472550918017,2.0456653889698253
62,1.0,0.0,0.0,1.0,0.0,1.0,0.0,0.0,1.0,0.0,0.0,1.0,1.0,0.0,1.0,0.0,1.780663855522655,-0.20047101662191735,0.16134693107646064,-1.0207551242046193,-0.43297303028335477
96,1.0,0.0,1.0,0.0,1.0,0.0,0.0,0.0,1.0,1.0,0.0,0.0,0.0,1.0,1.0,0.0,0.8134327721066864,0.3289809363127819,1.3370914527193871,-0.4959296037335273,0.36253592184182143
205,0.0,1.0,0.0,1.0,0.0,1.0,0.0,1.0,0.0,1.0,0.0,0.0,1.0,0.0,1.0,0.0,-0.5683259184875545,-0.40129761945921744,-0.16676781914947333,-0.7958299011455799,-0.9153026686245135
179,1.0,0.0,1.0,0.0,1.0,0.0,0.0,0.0,1.0,0.0,0.0,1.0,1.0,0.0,0.0,1.0,0.9792438149779951,-0.2187279805162176,-0.27613940255811736,0.2163336026200977,1.6520978021289496
119,0.0,1.0,1.0,0.0,1.0,0.0,0.0,1.0,0.0,1.0,0.0,0.0,0.0,1.0,1.0,0.0,-0.586749367695478,0.18292522515838258,-0.22145361085379633,0.7531551349876716,0.34578836495497656
58,0.0,1.0,1.0,0.0,0.0,1.0,0.0,0.0,1.0,1.0,0.0,0.0,1.0,0.0,1.0,0.0,0.6291982800274543,-0.40129761945921744,0.24337561863294316,0.10387099109057796,-0.7176814973597329
57,0.0,1.0,1.0,0.0,1.0,0.0,0.0,1.0,0.0,1.0,0.0,0.0,1.0,0.0,1.0,0.0,0.07649480378975791,0.8766898531417815,1.0636624941977761,0.553721437208657,0.22018168830363294
41,1.0,0.0,0.0,1.0,0.0,1.0,0.0,1.0,0.0,1.0,0.0,0.0,0.0,1.0,0.0,1.0,0.6291982800274543,-0.2954072288722778,-0.16676781914947333,-0.5709046780865404,1.2535059482220199
140,0.0,1.0,1.0,0.0,0.0,1.0,0.0,1.0,0.0,1.0,0.0,0.0,0.0,1.0,1.0,0.0,-0.19985693432909027,-0.14570012493901793,0.4484473375241514,-1.2456803472636588,-0.8935308446716146
143,0.0,1.0,0.0,1.0,0.0,1.0,0.0,1.0,0.0,1.0,0.0,0.0,1.0,0.0,1.0,0.0,0.9672685729928454,-0.13748449118658262,0.6084032782592941,1.2284971063857753,-0.31574013207543355
65,0.0,1.0,0.0,1.0,0.0,1.0,0.0,0.0,1.0,1.0,0.0,0.0,1.0,0.0,0.0,1.0,-1.213146640764867,-1.7705699115317164,-1.2604836532359174,1.2802299076893542,-0.8667347536526607
91,0.0,1.0,1.0,0.0,1.0,0.0,0.0,1.0,0.0,1.0,0.0,0.0,1.0,0.0,0.0,1.0,-1.397381132844099,-0.857721716816717,-2.108113424652912,-0.42095452938051414,0.08620123320886572
49,1.0,0.0,0.0,1.0,0.0,1.0,1.0,0.0,0.0,0.0,1.0,0.0,1.0,0.0,0.0,1.0,-1.581615624923331,-2.6834181062467155,-1.9440560495399448,-0.5709046780865404,-1.0325355668324345
52,1.0,0.0,0.0,1.0,0.0,1.0,0.0,1.0,0.0,1.0,0.0,0.0,1.0,0.0,0.0,1.0,-2.4208037363442334,-1.8773731503133713,-1.8073415702791393,-0.10605921709785868,0.538385269153702
80,1.0,0.0,0.0,1.0,0.0,1.0,0.0,1.0,0.0,1.0,0.0,0.0,0.0,1.0,0.0,1.0,0.16861204982937397,-0.40129761945921744,0.38009009789374865,-0.42095452938051414,0.01251198290674452
23,1.0,0.0,0.0,1.0,0.0,1.0,0.0,0.0,1.0,0.0,0.0,1.0,0.0,1.0,1.0,0.0,0.9423969165621494,-0.5838672584022173,-0.20231358375728348,1.4534223294448148,0.22520595536968568
133,0.0,1.0,1.0,0.0,0.0,1.0,0.0,1.0,0.0,1.0,0.0,0.0,0.0,1.0,0.0,1.0,0.5370810339878382,-0.2187279805162176,1.4738059319801926,-0.5709046780865404,-0.2169295464430439
172,0.0,1.0,0.0,1.0,0.0,1.0,0.0,1.0,0.0,1.0,0.0,0.0,1.0,0.0,0.0,1.0,0.5370810339878382,-0.7664368973452171,-1.3971981324967229,0.8536217346207096,-1.6136757908059842
85,1.0,0.0,0.0,1.0,0.0,1.0,0.0,1.0,0.0,1.0,0.0,0.0,0.0,1.0,1.0,0.0,1.5356319810572765,2.139158906432625,1.5011488278323541,0.4592528435238599,2.3286991003575217
168,1.0,0.0,1.0,0.0,1.0,0.0,0.0,1.0,0.0,1.0,0.0,0.0,0.0,1.0,0.0,1.0,-1.7658501170025633,-1.4054306336457165,-1.123769173975112,-0.9457800498516062,-0.5837010422649669
83,0.0,1.0,0.0,1.0,0.0,1.0,0.0,0.0,1.0,0.0,0.0,1.0,0.0,1.0,1.0,0.0,1.550370740423615,1.1505443115562812,0.24337561863294316,0.8536217346207096,0.7393559517958522
162,0.0,1.0,1.0,0.0,0.0,1.0,0.0,1.0,0.0,1.0,0.0,0.0,0.0,1.0,1.0,0.0,0.6476217292353778,1.93559375901118,1.507984551795394,0.19384108031419398,0.6338463434087244
14,0.0,1.0,1.0,0.0,1.0,0.0,0.0,1.0,0.0,1.0,0.0,0.0,1.0,0.0,0.0,1.0,-0.47620867244793846,-1.7705699115317164,-2.217485008061556,0.25382113979660426,-1.2251324710311613
99,0.0,1.0,1.0,0.0,0.0,1.0,0.0,1.0,0.0,0.0,0.0,1.0,1.0,0.0,1.0,0.0,-1.213146640764867,1.424398769970781,-0.44019677767108434,-1.6955307933817378,-0.46981765543441534
73,0.0,1.0,1.0,0.0,0.0,1.0,0.0,1.0,0.0,1.0,0.0,0.0,1.0,0.0,1.0,0.0,-0.23670383274493723,1.5914499896036256,0.7519534814831395,1.003571883326736,-0.4229244961512469
181,0.0,1.0,1.0,0.0,0.0,1.0,0.0,0.0,1.0,0.0,0.0,1.0,1.0,0.0,0.0,1.0,-0.47620867244793846,-0.5537432679766224,-0.27477225776551056,-0.7208548267925667,-0.3777060925567627
3,0.0,1.0,1.0,0.0,1.0,0.0,0.0,0.0,1.0,0.0,0.0,1.0,1.0,0.0,0.0,1.0,-1.0289121486856347,-1.3141458141742166,-1.9440560495399448,-0.4959296037335273,-0.47651667818915355
156,0.0,1.0,1.0,0.0,1.0,0.0,0.0,0.0,1.0,0.0,0.0,1.0,0.0,1.0,0.0,1.0,1.5687941896315383,0.27421004462988247,-0.16676781914947333,0.553721437208657,-1.6002777452965078
15,1.0,0.0,1.0,0.0,1.0,0.0,0.0,1.0,0.0,1.0,0.0,0.0,0.0,1.0,1.0,0.0,-0.19985693432909027,0.7854050336702816,0.38009009789374865,-0.046079157615448355,0.399380546992882
167,0.0,1.0,0.0,1.0,0.0,1.0,0.0,0.0,1.0,0.0,0.0,1.0,0.0,1.0,1.0,0.0,0.06728307918579683,-0.40129761945921744,0.10666113937213766,-1.0882326911223312,2.249985582989344
128,0.0,1.0,1.0,0.0,1.0,0.0,0.0,0.0,1.0,0.0,0.0,1.0,0.0,1.0,0.0,1.0,1.2187486546809976,0.6393493225158822,1.5722403570479724,0.6436915264322729,2.342097145866998
170,1.0,0.0,0.0,1.0,0.0,1.0,0.0,1.0,0.0,1.0,0.0,0.0,1.0,0.0,0.0,1.0,-0.34724452799247607,0.0733834417925824,-0.8503402154535008,-1.0912316940964517,1.1731176751651593
26,0.0,1.0,0.0,1.0,0.0,1.0,0.0,1.0,0.0,1.0,0.0,0.0,0.0,1.0,1.0,0.0,0.3528465419086061,1.1505443115562812,-0.030053339888667846,1.6033724781508412,-0.7913707476618552
77,0.0,1.0,0.0,1.0,0.0,1.0,0.0,0.0,1.0,0.0,0.0,1.0,0.0,1.0,1.0,0.0,-0.2919741803687063,1.2418291310277811,-0.16676781914947333,-0.27100438067448784,-0.7746231907750092
214,0.0,1.0,1.0,0.0,0.0,1.0,0.0,0.0,1.0,1.0,0.0,0.0,1.0,0.0,0.0,1.0,-0.47620867244793846,-0.7664368973452171,-1.8073415702791393,1.2284971063857753,-0.3442109787830718
74,0.0,1.0,1.0,0.0,1.0,0.0,0.0,1.0,0.0,1.0,0.0,0.0,1.0,0.0,1.0,0.0,-0.973641801061865,-0.14570012493901793,0.5441474730067156,0.8738650046960228,0.8247684919187668
47,0.0,1.0,1.0,0.0,1.0,0.0,0.0,1.0,0.0,1.0,0.0,0.0,0.0,1.0,1.0,0.0,-0.3840914264083224,-0.5838672584022173,-1.2604836532359174,0.4037712885026306,-1.2937974542672297
56,0.0,1.0,0.0,1.0,0.0,1.0,0.0,1.0,0.0,1.0,0.0,0.0,1.0,0.0,1.0,0.0,-0.3840914264083224,0.45677968357288234,-0.6589399444883733,-0.345979455027501,0.771176309880859
44,1.0,0.0,0.0,1.0,0.0,1.0,0.0,1.0,0.0,1.0,0.0,0.0,0.0,1.0,1.0,0.0,0.9055500181463024,0.6028353947272816,2.0206638490234146,1.2284971063857753,1.2434574140899122
18,1.0,0.0,1.0,0.0,1.0,0.0,0.0,1.0,0.0,1.0,0.0,0.0,1.0,0.0,0.0,1.0,-0.3840914264083224,-0.03615834157321776,-0.30348229841027885,-0.345979455027501,0.3022447170491766
197,1.0,0.0,0.0,1.0,0.0,1.0,0.0,0.0,1.0,0.0,0.0,1.0,1.0,0.0,0.0,1.0,1.5466860505820297,-1.2228609947027167,3.3878086416314694,-0.9967631004116552,1.245132169778595
100,1.0,0.0,0.0,1.0,0.0,1.0,0.0,1.0,0.0,1.0,0.0,0.0,0.0,1.0,0.0,1.0,-2.0422018551214114,-0.857721716816717,-1.123769173975112,-1.2164400682659837,0.4479484619647359
20,0.0,1.0,0.0,1.0,0.0,1.0,0.0,1.0,0.0,1.0,0.0,0.0,1.0,0.0,0.0,1.0,-0.47620867244793846,-0.12744316104471767,-0.030053339888667846,-1.6955307933817378,-0.9337249812000438
107,0.0,1.0,0.0,1.0,0.0,1.0,0.0,1.0,0.0,1.0,0.0,0.0,1.0,0.0,0.0,1.0,1.3661362483443826,2.1546773257427803,2.2940928075450255,0.553721437208657,1.883214087167421
183,0.0,1.0,1.0,0.0,1.0,0.0,0.0,1.0,0.0,1.0,0.0,0.0,1.0,0.0,0.0,1.0,-0.19985693432909027,0.9679746726132814,0.38009009789374865,-0.9457800498516062,-0.07625006859353849
112,0.0,1.0,0.0,1.0,0.0,1.0,0.0,1.0,0.0,1.0,0.0,0.0,1.0,0.0,0.0,1.0,-0.8446776566064027,-0.49258243893071735,-0.7136257361926953,-1.0957301985576327,-1.395957551276989
48,0.0,1.0,0.0,1.0,0.0,1.0,0.0,1.0,0.0,1.0,0.0,0.0,1.0,0.0,1.0,0.0,-0.3840914264083224,-0.40129761945921744,0.24337561863294316,-0.6458797524395536,0.03093429548227482
1,0.0,1.0,1.0,0.0,0.0,1.0,0.0,0.0,1.0,0.0,0.0,1.0,0.0,1.0,1.0,0.0,1.1201832014186077,1.089383482510376,1.5394288820253799,1.0410594205032424,0.6706909685597849
137,0.0,1.0,0.0,1.0,1.0,0.0,0.0,1.0,0.0,1.0,0.0,0.0,1.0,0.0,0.0,1.0,-0.01562244224985815,-0.3100127999877175,0.7902335356761652,-1.2456803472636588,-0.31239062069806506
213,1.0,0.0,0.0,1.0,0.0,1.0,0.0,1.0,0.0,1.0,0.0,0.0,1.0,0.0,0.0,1.0,0.6291982800274543,-0.03615834157321776,-1.123769173975112,-0.19602930632147467,-0.3425362230943875
32,1.0,0.0,1.0,0.0,1.0,0.0,0.0,1.0,0.0,1.0,0.0,0.0,1.0,0.0,0.0,1.0,-0.5683259184875545,1.333113950499281,0.02463245181565513,-1.628802977207556,-0.010934596734839715
8,0.0,1.0,1.0,0.0,1.0,0.0,0.0,1.0,0.0,1.0,0.0,0.0,1.0,0.0,1.0,0.0,0.5370810339878382,1.1505443115562812,0.7902335356761652,1.4039387803718264,-0.1650121200938215
195,0.0,1.0,1.0,0.0,1.0,0.0,0.0,1.0,0.0,1.0,0.0,0.0,0.0,1.0,0.0,1.0,-0.10773968828947421,0.8766898531417815,0.7902335356761652,0.8536217346207096,-0.5569049512460129
141,0.0,1.0,1.0,0.0,1.0,0.0,0.0,0.0,1.0,1.0,0.0,0.0,1.0,0.0,0.0,1.0,-0.10773968828947421,-0.2187279805162176,-0.8503402154535008,-0.9457800498516062,-0.06285202308406213
121,1.0,0.0,1.0,0.0,0.0,1.0,0.0,0.0,1.0,0.0,0.0,1.0,0.0,1.0,0.0,1.0,-0.2919741803687063,0.05512647789828216,0.46211878545023116,-1.270422121800153,1.5432386823644508
114,0.0,1.0,1.0,0.0,0.0,1.0,0.0,0.0,1.0,1.0,0.0,0.0,1.0,0.0,0.0,1.0,-0.19985693432909027,0.1464112973697821,0.38009009789374865,-1.4181230182755888,-1.2167586925877387
193,1.0,0.0,1.0,0.0,1.0,0.0,1.0,0.0,0.0,0.0,1.0,0.0,0.0,1.0,0.0,1.0,-0.6604431645271706,-0.3100127999877175,-1.3971981324967229,0.553721437208657,-0.9454482710208358
206,0.0,1.0,1.0,0.0,1.0,0.0,0.0,0.0,1.0,1.0,0.0,0.0,1.0,0.0,1.0,0.0,-2.4106708392798755,-2.226994008889216,-0.8503402154535008,1.8282977012098807,-1.4880691141546405
45,1.0,0.0,1.0,0.0,1.0,0.0,0.0,0.0,1.0,0.0,0.0,1.0,1.0,0.0,0.0,1.0,0.8134327721066864,-0.2187279805162176,0.7902335356761652,-1.0957301985576327,0.7125598607768995
158,0.0,1.0,0.0,1.0,0.0,1.0,0.0,0.0,1.0,0.0,0.0,1.0,1.0,0.0,1.0,0.0,-0.01562244224985815,-0.3100127999877175,-0.30348229841027885,-0.9457800498516062,-0.06787629015011605
212,0.0,1.0,0.0,1.0,0.0,1.0,0.0,1.0,0.0,1.0,0.0,0.0,0.0,1.0,1.0,0.0,-0.01562244224985815,0.05512647789828216,0.9269480149369707,-1.0207551242046193,1.2468069254672807
46,1.0,0.0,0.0,1.0,0.0,1.0,0.0,0.0,1.0,1.0,0.0,0.0,1.0,0.0,0.0,1.0,0.3427136448442484,0.5097248788663521,-0.08473913159299082,-0.345979455027501,1.566685262006035
138,1.0,0.0,0.0,1.0,0.0,1.0,0.0,0.0,1.0,0.0,0.0,1.0,0.0,1.0,1.0,0.0,1.3661362483443826,-0.2187279805162176,0.9269480149369707,1.7533226268568674,1.5901318416476193
145,0.0,1.0,0.0,1.0,0.0,1.0,0.0,0.0,1.0,0.0,0.0,1.0,1.0,0.0,0.0,1.0,2.047803869037542,-0.06719518019352805,0.687697676230561,-0.046079157615448355,0.15989048351098692
101,0.0,1.0,1.0,0.0,1.0,0.0,0.0,1.0,0.0,1.0,0.0,0.0,1.0,0.0,0.0,1.0,-0.3840914264083224,0.5115505752557817,0.24337561863294316,0.4037712885026306,-0.30736635363201115
19,0.0,1.0,0.0,1.0,0.0,1.0,1.0,0.0,0.0,1.0,0.0,0.0,0.0,1.0,1.0,0.0,-0.6604431645271706,0.05512647789828216,0.5168045771545542,-1.6595427576922919,2.615082323122584
50,1.0,0.0,1.0,0.0,1.0,0.0,0.0,0.0,1.0,1.0,0.0,0.0,1.0,0.0,0.0,1.0,0.7397389752749938,0.621092358621582,0.29806141033726613,-0.5709046780865404,0.1180215912938724
194,0.0,1.0,0.0,1.0,0.0,1.0,0.0,1.0,0.0,1.0,0.0,0.0,1.0,0.0,1.0,0.0,-1.397381132844099,-1.0402913557597169,-1.3561837887184816,-1.0207551242046193,0.4127785925023584
115,1.0,0.0,0.0,1.0,0.0,1.0,0.0,0.0,1.0,1.0,0.0,0.0,1.0,0.0,1.0,0.0,0.5370810339878382,-0.3100127999877175,-0.030053339888667846,1.2284971063857753,-0.29731781949990327
34,0.0,1.0,0.0,1.0,0.0,1.0,0.0,0.0,1.0,0.0,1.0,0.0,1.0,0.0,0.0,1.0,-0.47620867244793846,-1.4054306336457165,-1.9440560495399448,-0.3129904223121754,0.08285172183149722
127,1.0,0.0,0.0,1.0,0.0,1.0,0.0,0.0,1.0,1.0,0.0,0.0,1.0,0.0,0.0,1.0,0.44496378794822217,-0.5838672584022173,0.38009009789374865,-1.2831678844401655,-0.6490165141236656
82,0.0,1.0,1.0,0.0,1.0,0.0,0.0,1.0,0.0,1.0,0.0,0.0,1.0,0.0,1.0,0.0,-0.3840914264083224,0.05512647789828216,1.0636624941977761,0.7036715859146833,-0.30736635363201115
43,0.0,1.0,0.0,1.0,0.0,1.0,0.0,1.0,0.0,1.0,0.0,0.0,1.0,0.0,0.0,1.0,1.826722478542463,1.8808228673282805,0.24337561863294316,1.6783475525038543,0.10462354578439602
134,1.0,0.0,1.0,0.0,0.0,1.0,0.0,1.0,0.0,1.0,0.0,0.0,0.0,1.0,1.0,0.0,0.9460816064037333,2.33724696468578,0.7902335356761652,1.6033724781508412,0.8130452020979735
24,0.0,1.0,0.0,1.0,0.0,1.0,0.0,0.0,1.0,0.0,0.0,1.0,1.0,0.0,1.0,0.0,0.8594913951264944,2.8575704356733302,1.7280948634052908,1.8582877309510863,1.9652771159129672
87,0.0,1.0,1.0,0.0,1.0,0.0,0.0,0.0,1.0,0.0,1.0,0.0,1.0,0.0,0.0,1.0,-0.6972900629430169,-1.4054306336457165,-0.8503402154535008,0.1788460654435911,-0.5351331272931141
55,0.0,1.0,1.0,0.0,0.0,1.0,0.0,0.0,1.0,1.0,0.0,0.0,1.0,0.0,0.0,1.0,-0.6235962661113242,0.018612550109681672,-0.16676781914947333,-0.12105423196846152,-1.601952500985192
6,1.0,0.0,0.0,1.0,0.0,1.0,0.0,1.0,0.0,1.0,0.0,0.0,1.0,0.0,1.0,0.0,-1.9500846090817954,-1.5697433086944161,1.7472348905018036,0.12486401190942173,-1.5048166710414865
71,0.0,1.0,0.0,1.0,0.0,1.0,0.0,1.0,0.0,1.0,0.0,0.0,1.0,0.0,1.0,0.0,0.7213155260670703,0.35545353395951745,0.6535190564153597,1.6783475525038543,0.7812248440129668
10,0.0,1.0,1.0,0.0,1.0,0.0,0.0,1.0,0.0,1.0,0.0,0.0,0.0,1.0,0.0,1.0,-0.8446776566064027,-0.49258243893071735,-0.8503402154535008,-0.7958299011455799,-0.2387013703959427
103,0.0,1.0,1.0,0.0,1.0,0.0,0.0,0.0,1.0,0.0,0.0,1.0,0.0,1.0,0.0,1.0,0.5370810339878382,1.0592594920847813,0.9269480149369707,0.9285968089737227,0.5953269625689783
150,0.0,1.0,1.0,0.0,1.0,0.0,0.0,0.0,1.0,0.0,0.0,1.0,0.0,1.0,1.0,0.0,0.3528465419086061,-0.7061889164940275,-1.123769173975112,-1.2456803472636588,-0.16333736440513724
113,1.0,0.0,0.0,1.0,0.0,1.0,0.0,1.0,0.0,1.0,0.0,0.0,1.0,0.0,1.0,0.0,0.625513590185869,1.1505443115562812,0.10666113937213766,-0.03483289646249596,0.13476914818071845
104,0.0,1.0,1.0,0.0,0.0,1.0,0.0,0.0,1.0,1.0,0.0,0.0,0.0,1.0,0.0,1.0,0.16861204982937397,-0.3100127999877175,-0.16676781914947333,-1.3206554216166722,-0.6774873608313038
69,0.0,1.0,1.0,0.0,1.0,0.0,0.0,0.0,1.0,0.0,0.0,1.0,0.0,1.0,1.0,0.0,0.5370810339878382,0.6028353947272816,-0.030053339888667846,-0.19602930632147467,0.9704722368343237
12,1.0,0.0,1.0,0.0,0.0,1.0,0.0,0.0,1.0,1.0,0.0,0.0,1.0,0.0,0.0,1.0,-1.8579673630421794,-1.0402913557597169,-0.16676781914947333,-0.7958299011455799,0.4630212631628977
204,1.0,0.0,0.0,1.0,0.0,1.0,0.0,1.0,0.0,1.0,0.0,0.0,0.0,1.0,1.0,0.0,0.6291982800274543,0.6028353947272816,0.9269480149369707,0.553721437208657,0.9068315206643104
90,1.0,0.0,0.0,1.0,0.0,1.0,0.0,1.0,0.0,1.0,0.0,0.0,1.0,0.0,1.0,0.0,1.642487986463231,2.1546773257427803,2.1573783282842203,1.4534223294448148,0.9637732140795867
84,0.0,1.0,1.0,0.0,0.0,1.0,0.0,0.0,1.0,0.0,0.0,1.0,0.0,1.0,1.0,0.0,0.26072929586899,-0.3100127999877175,0.5168045771545542,-1.3206554216166722,-0.04610446619721607
166,0.0,1.0,0.0,1.0,0.0,1.0,0.0,1.0,0.0,1.0,0.0,0.0,0.0,1.0,0.0,1.0,-0.47620867244793846,-0.40129761945921744,-0.8503402154535008,-0.7208548267925667,-1.657219438711783
160,0.0,1.0,1.0,0.0,1.0,0.0,0.0,0.0,1.0,0.0,0.0,1.0,0.0,1.0,0.0,1.0,1.826722478542463,0.6941202141987816,-0.16676781914947333,0.1788460654435911,1.6772191374592194
196,0.0,1.0,0.0,1.0,0.0,1.0,0.0,0.0,1.0,0.0,0.0,1.0,0.0,1.0,1.0,0.0,0.44496378794822217,-0.3100127999877175,1.5421631716105955,0.4037712885026306,-1.3055207440880219
